{
	"required": true,
	"compatibilityLevel": "JAVA_8",
	"package": "me.robeart.raion.mixin.common",
	"refmap": "mixins.raion.refmap.json",
	"priority": 2147483647,
	"mixinPriority": 2147483647,
	"mixins": [
		"MixinLayerCape",
		"MixinMinecraft",
		"MixinVisGraph",
		"MixinWorld",
		"MixinWorldClient",
		"block.MixinBlock",
		"block.MixinBlockLiquid",
		"block.MixinBlockPortal",
		"block.MixinBlockModelShapes",
		"block.MixinBlockBarrier",
		"chunk.MixinChunk",
		"chunk.MixinWorldBorder",
		"client.MixinKeyBinding",
		"client.MixinTimer",
		"entity.MixinEntity",
		"entity.living.MixinAbstractHorse",
		"entity.living.MixinEntityLivingBase",
		"entity.living.MixinEntityLlama",
		"entity.living.MixinEntityPig",
		"entity.living.player.MixinAbstractClientPlayer",
		"entity.living.player.MixinEntityPlayer",
		"entity.living.player.MixinEntityPlayerSP",
		"entity.living.player.MixinPlayerControllerMP",
		"gui.MixinGuiBossOverlay",
		"gui.MixinGuiChat",
		"gui.MixinGuiPlayerTabOverlay",
		"gui.MixinGuiScreen",
		"network.MixinNetHandlerPlayClient",
		"network.MixinNettyCompressionDecoder",
		"network.MixinNetworkManager",
		"network.packet.client.MixinCPacketChatMessage",
		"network.packet.client.MixinCPacketCloseWindow",
		"network.packet.client.MixinCPacketPlayer",
		"network.packet.client.MixinCPacketPlayerPlayerTryUseItemOnBlock",
		"network.packet.server.MixinSPacketEntityVelocity",
		"network.packet.server.MixinSPacketExplosion",
		"network.packet.server.MixinSPacketPosLook",
		"render.MixinBlockModelRenderer",
		"render.MixinBlockRendererDispatcher",
		"render.MixinBufferBuilder",
		"render.MixinChunkRenderDispatcher",
		"render.MixinChunkRenderWorker",
		"render.MixinFustrum",
		"render.MixinItemRenderer",
		"render.MixinRenderChunk",
		"render.MixinRenderManager",
		"render.MixinRenderPlayer",
		"render.MixinTileEntitySkullRenderer",
		"render.entity.MixinEntityRenderer",
		"render.entity.MixinRenderLivingBase",
		"render.IMixinRenderGlobal"
	]
}
